  [
    {
        "id" : 1,
        "img" :"https://reveation-website-2023-strapi.s3.amazonaws.com/Group_1171275308_b743c6b1e3_4b56212461_da34aef87b.svg",
        "heading" : "EMBRACE MODERN TECHNOLOGIES WITH CONFIDENCE!",
        "text" : "OUR INNOVATIVE AND FUTURE-PROOF OFFERINGS ENSURE YOU STAY AHEAD OF THE COMPETITION AND SEIZE NEW OPPORTUNITIES FOR SUCCESS."
       
    },

    {
      "id" : 2,
      "img" :"https://reveation-website-2023-strapi.s3.amazonaws.com/Group_1171275335_b76d56900a_c3f44897ee_38f34c79c8.svg",
      "heading" : "SOFTWARE SOLUTIONS WITH QUALITY STANDARDS",
      "text" : "EXCELLENCE, CUSTOMIZATION, AND CLIENT SATISFACTION ARE OUR PATHS TO SUCCESS."
     
  }
]





