[
    {
        "id":1,
        "imgone":"https://reveation-website-2023-strapi.s3.amazonaws.com/Frame_27_5f5233dddd.svg"
    },

    {
        "id":2,
        "imgone":"https://reveation-website-2023-strapi.s3.amazonaws.com/Frame_36_b0b7d88b7a.svg"
    },
    {
        "id":3,
        "imgone":"https://reveation-website-2023-strapi.s3.amazonaws.com/Frame_8_514a830573.svg"
    },
    {
        "id":4,
        "imgone":"https://reveation-website-2023-strapi.s3.amazonaws.com/Frame_25_2a41a0f69d.svg"
    },
    {
        "id":5,
        "imgone":"https://reveation-website-2023-strapi.s3.amazonaws.com/Frame_25_2a41a0f69d.svg"
    },
    {
        "id":6,
        "imgone":"https://reveation-website-2023-strapi.s3.amazonaws.com/Frame_3_0912a41ef9.svg"
    },
    {
        "id":7,
        "imgone":"https://reveation-website-2023-strapi.s3.amazonaws.com/Frame_9_b05b07e68c.svg"
    },
    {
        "id":8,
        "imgone":"https://reveation-website-2023-strapi.s3.amazonaws.com/Frame_21_9e60b4f63f.svg"
    },
    {
        "id":9,
        "imgone":"https://reveation-website-2023-strapi.s3.amazonaws.com/Frame_21_9e60b4f63f.svg"
    },
    {
        "id":10,
        "imgone":"https://reveation-website-2023-strapi.s3.amazonaws.com/Frame_14_c1d8bd7b76.svg"
    },
    {
        "id":11,
        "imgone":"https://reveation-website-2023-strapi.s3.amazonaws.com/Frame_20_36faa583d2.svg"
    }
]