[
    {
        "id":1,
        "img":"https://reveation-website-2023-strapi.s3.amazonaws.com/download_1686878584.svg",
        "content":" Do you have any project in mind? Let’s discuss"
       
    },

    {  
        
        "id":2,
        "img":"https://reveation-website-2023-strapi.s3.amazonaws.com/Frame_3_2_8d68fde528.svg",
        "content":" Do you have any project in mind? Let’s discuss"
    },

    {
        "id":3,
         "img":"https://reveation-website-2023-strapi.s3.amazonaws.com/download_1686878584.svg",
          "content":" Do you have any project in mind? Let’s discuss"
        
         
        
      },
 
     {  
         
     "id":4,
     "img":"https://reveation-website-2023-strapi.s3.amazonaws.com/Frame_3_2_8d68fde528.svg",
     "content":" Do you have any project in mind? Let’s discuss"
  }

  
]