[
    
    {
        "id":1,
        "img":"https://reveation-website-2023-strapi.s3.amazonaws.com/Login_member_Area_1_d7f436f233_51b3cd2d40_a62472acb0.svg",
        "colSize":4
    },

    {
        "id":2,
        "img":"https://reveation-website-2023-strapi.s3.amazonaws.com/Screenshot_2024_03_29_115243_1_3b6147965a_1_f78b625ec8.svg",
        "colSize":8
    },


    {
        "id":3,
        "img":"https://reveation-website-2023-strapi.s3.amazonaws.com/Screenshot_2024_03_29_122435_1_876ff457b4_1_1b72af798d.svg",
        "colSize":5
    },

    {
        "id":4,
        "img":"https://reveation-website-2023-strapi.s3.amazonaws.com/Screenshot_2023_03_06_155438_1_9bfd54ea06_cae20f2840.svg",
        "colSize":7
    },


    {
        "id":5,
        "img":"https://reveation-website-2023-strapi.s3.amazonaws.com/Screenshot_2023_03_06_155328_1_4361aaee5b_47bd370bd6_17be2f883a.svg",
        "colSize": 5
    },

    {
        "id":6,
        "img":"https://reveation-website-2023-strapi.s3.amazonaws.com/Screenshot_2024_03_29_120246_1_2_fbed00c598.svg",
        "colSize": 7
    }

]