[
    {
    "id":1,
    "img":"https://reveation-website-2023-strapi.s3.amazonaws.com/blockchain_usa_removebg_2_6ab54b5b47.svg"
},
{
    "id":2,
    "img":"https://reveation-website-2023-strapi.s3.amazonaws.com/top_app_development_companies_2_051aaf55dd.svg"
},

{    
    "id":3,
    "img":"https://reveation-website-2023-strapi.s3.amazonaws.com/Reveation_Labs_Client_Articlettttttttttttttttttt_1_4ecd79d663.svg"
},
{    
    "id":4,
    "img":"https://reveation-website-2023-strapi.s3.amazonaws.com/designrush_60e0cb85c0.svg"
},

{
    "id":6,
    "img":"https://reveation-website-2023-strapi.s3.amazonaws.com/new_badge20211005_28345_yq3glp_c02acec3a8.svg"
},
{
    "id":7,
    "img":"https://reveation-website-2023-strapi.s3.amazonaws.com/top_clutch_2_a7a17c930b.svg"
},

{
    "id":8,
    "img":"https://reveation-website-2023-strapi.s3.amazonaws.com/Reveation_Labs_Client_Articlettttttttttttttttttt_1_4ecd79d663.svg"
},
{
    "id":9,
    "img":"https://reveation-website-2023-strapi.s3.amazonaws.com/designrush_60e0cb85c0.svg"
},

{
   "id":10,
   "img":"https://reveation-website-2023-strapi.s3.amazonaws.com/appfutura_badge_1_7f25adb5fd.svg"
}


]