[
   

    {
        "id":1,
        "img": "data:image/svg+xml,%3csvg%20width='292'%20height='292'%20viewBox='0%200%20292%20292'%20fill='none'%20xmlns='http://www.w3.org/2000/svg'%3e%3ccircle%20cx='146'%20cy='146'%20r='143'%20stroke='url(%23paint0_linear_1281_32943)'%20stroke-width='6'/%3e%3cdefs%3e%3clinearGradient%20id='paint0_linear_1281_32943'%20x1='40.4191'%20y1='18.7562'%20x2='292.804'%20y2='283.16'%20gradientUnits='userSpaceOnUse'%3e%3cstop%20stop-color='%232444EB'/%3e%3cstop%20offset='1'%20stop-color='%231A276A'/%3e%3c/linearGradient%3e%3c/defs%3e%3c/svg%3e",
        "imgone": "https://reveation-website-2023-strapi.s3.amazonaws.com/project_icon_228c16da3b_5592529f7b_d55d95f214.svg"
    },

    {
        "id":2,
        "img": "data:image/svg+xml,%3csvg%20width='355'%20height='355'%20viewBox='0%200%20355%20355'%20fill='none'%20xmlns='http://www.w3.org/2000/svg'%3e%3ccircle%20cx='177.5'%20cy='177.5'%20r='174.5'%20stroke='url(%23paint0_linear_1281_32925)'%20stroke-width='6'/%3e%3cdefs%3e%3clinearGradient%20id='paint0_linear_1281_32925'%20x1='49.1397'%20y1='22.8029'%20x2='355.977'%20y2='344.252'%20gradientUnits='userSpaceOnUse'%3e%3cstop%20stop-color='%232444EB'/%3e%3cstop%20offset='1'%20stop-color='%231A276A'/%3e%3c/linearGradient%3e%3c/defs%3e%3c/svg%3e",
        "imgone": "https://reveation-website-2023-strapi.s3.amazonaws.com/customer_447b7bfba8_fb3332509a_169034ccdd.svg"
    },

    {
        "id":3,
        "img": "data:image/svg+xml,%3csvg%20width='453'%20height='453'%20viewBox='0%200%20453%20453'%20fill='none'%20xmlns='http://www.w3.org/2000/svg'%3e%3ccircle%20cx='226.5'%20cy='226.5'%20r='223.5'%20stroke='url(%23paint0_linear_1281_32933)'%20stroke-width='6'/%3e%3cdefs%3e%3clinearGradient%20id='paint0_linear_1281_32933'%20x1='62.705'%20y1='29.0978'%20x2='454.247'%20y2='439.285'%20gradientUnits='userSpaceOnUse'%3e%3cstop%20stop-color='%232444EB'/%3e%3cstop%20offset='1'%20stop-color='%231A276A'/%3e%3c/linearGradient%3e%3c/defs%3e%3c/svg%3e",
        "imgone": "https://reveation-website-2023-strapi.s3.amazonaws.com/industrial1_ec5c5ccdf8_a5587b5a42_fc502cda8b.svg"
    },

    {
        "id":4,
        "img": "data:image/svg+xml,%3csvg%20width='355'%20height='355'%20viewBox='0%200%20355%20355'%20fill='none'%20xmlns='http://www.w3.org/2000/svg'%3e%3ccircle%20cx='177.5'%20cy='177.5'%20r='174.5'%20stroke='url(%23paint0_linear_1281_32925)'%20stroke-width='6'/%3e%3cdefs%3e%3clinearGradient%20id='paint0_linear_1281_32925'%20x1='49.1397'%20y1='22.8029'%20x2='355.977'%20y2='344.252'%20gradientUnits='userSpaceOnUse'%3e%3cstop%20stop-color='%232444EB'/%3e%3cstop%20offset='1'%20stop-color='%231A276A'/%3e%3c/linearGradient%3e%3c/defs%3e%3c/svg%3e",
        "imgone": "https://reveation-website-2023-strapi.s3.amazonaws.com/project_icon_228c16da3b_5592529f7b_1_a5fd591b61.svg"
    }

  
]