[
    {
        "id":1,
        "imgtwo":"data:image/svg+xml,%3csvg%20width='81'%20height='81'%20viewBox='0%200%2081%2081'%20fill='none'%20xmlns='http://www.w3.org/2000/svg'%3e%3ccircle%20cx='40.5'%20cy='40.5'%20r='40'%20stroke='url(%23paint0_linear_171_4909)'/%3e%3cdefs%3e%3clinearGradient%20id='paint0_linear_171_4909'%20x1='11.2122'%20y1='5.20292'%20x2='81.2229'%20y2='78.5477'%20gradientUnits='userSpaceOnUse'%3e%3cstop%20stop-color='%232444EB'/%3e%3cstop%20offset='1'%20stop-color='%231A276A'/%3e%3c/linearGradient%3e%3c/defs%3e%3c/svg%3e"
      },
  
      {
          "id":2,
          "imgtwo":"data:image/svg+xml,%3csvg%20width='116'%20height='116'%20viewBox='0%200%20116%20116'%20fill='none'%20xmlns='http://www.w3.org/2000/svg'%3e%3ccircle%20cx='58'%20cy='58'%20r='57.5'%20transform='rotate(-180%2058%2058)'%20stroke='url(%23paint0_linear_171_4910)'/%3e%3cdefs%3e%3clinearGradient%20id='paint0_linear_171_4910'%20x1='16.0569'%20y1='7.45109'%20x2='116.319'%20y2='112.488'%20gradientUnits='userSpaceOnUse'%3e%3cstop%20stop-color='%232444EB'/%3e%3cstop%20offset='1'%20stop-color='%231A276A'/%3e%3c/linearGradient%3e%3c/defs%3e%3c/svg%3e"
      },
  
      {
          "id":3,
          "imgtwo":"data:image/svg+xml,%3csvg%20width='81'%20height='81'%20viewBox='0%200%2081%2081'%20fill='none'%20xmlns='http://www.w3.org/2000/svg'%3e%3ccircle%20cx='40.5'%20cy='40.5'%20r='40'%20stroke='url(%23paint0_linear_171_4909)'/%3e%3cdefs%3e%3clinearGradient%20id='paint0_linear_171_4909'%20x1='11.2122'%20y1='5.20292'%20x2='81.2229'%20y2='78.5477'%20gradientUnits='userSpaceOnUse'%3e%3cstop%20stop-color='%232444EB'/%3e%3cstop%20offset='1'%20stop-color='%231A276A'/%3e%3c/linearGradient%3e%3c/defs%3e%3c/svg%3e"
      }
]